id,crop_name,month,yield_amount,target,year
1,Tomato (Greenhouse),January,1115.59,1032.9,2022
2,Cucumber (Greenhouse),January,368.61,844.01,2022
3,Tomato (Greenhouse),February,319.31,647.64,2022
4,Cucumber (Greenhouse),February,171.25,1236.58,2022
5,Tomato (Greenhouse),March,211.02,1159.38,2022
6,Cucumber (Greenhouse),March,755.4,1319.73,2022
7,Strawberries,May,1051.63,853.76,2022
8,Barley,June,673.62,926.38,2022
9,Rapeseed,June,229.94,1424.42,2022
10,Strawberries,June,844.07,633.69,2022
11,Wheat,July,1076.84,895.28,2022
12,Barley,July,1087.36,1176.76,2022
13,Rye,July,1132.05,911.1,2022
14,Rapeseed,July,259.83,791.55,2022
15,Oats,July,988.62,891.32,2023
16,Wheat,August,1123.48,1093.02,2023
17,Corn,August,1115.14,607.79,2023
18,Rye,August,133.65,1246.1,2023
19,Potato,August,890.36,1171.88,2023
20,Oats,August,936.66,1428.49,2023
21,Carrots,August,1190.49,1210.68,2023
22,Corn,September,1052.66,1398.47,2023
23,Potato,September,712.64,1380.8,2023
24,Sugar Beet,September,507.07,1442.67,2023
25,Apples,September,1179.5,929.13,2023
26,Carrots,September,1143.23,1131.14,2023
27,Corn,October,522.54,770.83,2023
28,Sugar Beet,October,811.69,1086.15,2023
29,Pumpkin,October,232.14,1036.77,2024
30,Apples,October,852.08,803.27,2024
31,Tomato (Greenhouse),November,528.94,770.6,2024
32,Cucumber (Greenhouse),November,478.77,1172.96,2024
33,Tomato (Greenhouse),December,197.37,1391.38,2024
34,Cucumber (Greenhouse),December,460.9,1196.7,2024
35,Tomato (Greenhouse),January,841.48,1059.21,2024
36,Cucumber (Greenhouse),January,104.55,808.17,2024
37,Tomato (Greenhouse),February,404.94,1475.83,2024
38,Cucumber (Greenhouse),February,940.79,1329.5,2024
39,Tomato (Greenhouse),March,350.48,1014.31,2024
40,Cucumber (Greenhouse),March,833.46,1475.14,2024
41,Strawberries,May,706.68,665.17,2024
42,Barley,June,966.53,919.62,2024
43,Rapeseed,June,429.42,872.89,2022
44,Strawberries,June,578.93,1227.35,2022
45,Wheat,July,306.54,1010.74,2022
46,Barley,July,805.01,890.47,2022
47,Rye,July,881.13,1198.39,2022
48,Rapeseed,July,1070.33,1031.13,2022
49,Oats,July,977.43,1363.02,2022
50,Wheat,August,222.98,750.15,2022
51,Corn,August,162.44,718.53,2022
52,Rye,August,244.94,1381.74,2022
53,Potato,August,431.65,1028.12,2022
54,Oats,August,957.36,819.84,2022
55,Carrots,August,981.65,1476.8,2022
56,Corn,September,760.46,923.64,2022
57,Potato,September,210.11,960.11,2023
58,Sugar Beet,September,587.04,776.2,2023
59,Apples,September,320.56,1398.06,2023
60,Carrots,September,1196.11,1201.64,2023
61,Corn,October,1189.65,637.23,2023
62,Sugar Beet,October,581.86,1273.61,2023
63,Pumpkin,October,1194.57,1353.42,2023
64,Apples,October,898.36,1309.8,2023
65,Tomato (Greenhouse),November,1183.29,1206.32,2023
66,Cucumber (Greenhouse),November,658.83,1042.08,2023
67,Tomato (Greenhouse),December,310.25,826.32,2023
68,Cucumber (Greenhouse),December,335.03,1433.4,2023
69,Tomato (Greenhouse),January,135.15,941.86,2023
70,Cucumber (Greenhouse),January,436.74,1464.78,2023
71,Tomato (Greenhouse),February,246.62,897.34,2024
72,Cucumber (Greenhouse),February,610.77,1444.38,2024
73,Tomato (Greenhouse),March,732.13,1348.3,2024
74,Cucumber (Greenhouse),March,1006.31,1003.02,2024
75,Strawberries,May,1054.89,1205.56,2024
76,Barley,June,228.88,1187.23,2024
77,Rapeseed,June,711.57,1070.79,2024
78,Strawberries,June,689.37,1181.26,2024
79,Wheat,July,742.3,922.8,2024
80,Barley,July,399.58,1059.13,2024
81,Rye,July,1135.1,780.28,2024
82,Rapeseed,July,330.7,691.29,2024
83,Oats,July,586.53,862.07,2024
84,Sugar Beet,October,130.95,1272.54,2024
85,Oats,August,1135.63,838.2,2022
86,Sugar Beet,September,964.84,1063.27,2022
87,Cucumber (Greenhouse),November,948.63,1297.29,2022
88,Pumpkin,October,226.49,623.43,2022
89,Rye,August,856.63,692.32,2022
90,Barley,July,1049.48,893.36,2022
91,Apples,September,258.75,1247.59,2022
92,Barley,June,555.56,1438.61,2022
93,Strawberries,May,1002.72,652.16,2022
94,Rapeseed,July,1004.4,1257.69,2022
95,Sugar Beet,September,897.57,728.68,2022
96,Wheat,August,1074.3,807.84,2022
97,Wheat,July,1198.28,601.64,2022
98,Carrots,September,340.35,1476.7,2022
99,Carrots,August,516.84,1009.13,2023
100,Apples,October,577.94,1328.27,2023
101,Sugar Beet,October,387.97,1211.24,2023
102,Cucumber (Greenhouse),November,115.57,746.19,2023
103,Cucumber (Greenhouse),January,1108.61,1355.69,2023
104,Barley,July,942.68,932.63,2023
105,Wheat,July,459.43,869.43,2023
106,Potato,September,229.96,1009.8,2023
107,Cucumber (Greenhouse),March,164.84,1254.06,2023
108,Rye,August,288.81,1426.99,2023
109,Apples,October,766.33,1040.36,2023
110,Barley,July,654.26,1264.09,2023
111,Rapeseed,July,719.4,1300.76,2023
112,Carrots,September,1086.63,706.24,2023
113,Pumpkin,October,411.1,941.85,2024
114,Wheat,July,1115.32,1231.04,2024
115,Rye,August,806.74,1403.5,2024
116,Pumpkin,October,670.77,1418.85,2024
117,Pumpkin,October,1153.83,831.97,2024
118,Pumpkin,October,826.88,713.58,2024
119,Sugar Beet,October,871.47,1293.84,2024
120,Potato,August,748.24,985.35,2024
121,Corn,August,1075.07,898.97,2024
122,Corn,August,569.66,1342.4,2024
123,Strawberries,June,822.83,1424.56,2024
124,Cucumber (Greenhouse),January,140.75,1074.8,2024
125,Apples,October,1018.47,1098.83,2024
126,Rye,July,1170.64,1161.38,2024
127,Potato,August,1142.47,1073.47,2022
128,Sugar Beet,September,880.09,872.47,2022
129,Potato,August,193.84,1106.32,2022
130,Wheat,July,265.91,1172.09,2022
131,Carrots,August,669.3,1264.94,2022
132,Wheat,July,1021.39,1291.28,2022
133,Apples,September,963.34,1244.93,2022
134,Tomato (Greenhouse),November,1051.74,1459.73,2022
135,Apples,September,157.88,649.09,2022
136,Apples,October,156.03,1300.22,2022
137,Corn,October,294.27,1236.45,2022
138,Wheat,August,750.86,892.97,2022
139,Cucumber (Greenhouse),November,745.06,830.94,2022
140,Apples,October,775.01,1025.78,2022
141,Cucumber (Greenhouse),November,400.57,621.21,2023
142,Rye,July,1188.4,1073.82,2023
143,Tomato (Greenhouse),February,154.83,984.02,2023
144,Oats,July,1089.42,1359.52,2023
145,Pumpkin,October,1069.53,1085.28,2023
146,Wheat,August,774.76,1078.36,2023
147,Carrots,September,326.96,728.48,2023
148,Rapeseed,July,1076.14,1447.39,2023
149,Rapeseed,June,1105.33,1358.64,2023
150,Tomato (Greenhouse),January,617.27,1353.88,2023
151,Sugar Beet,September,227.31,1063.33,2023
152,Oats,July,452.54,688.89,2023
153,Tomato (Greenhouse),November,186.33,1311.08,2023
154,Carrots,September,195.54,1046.22,2023
155,Apples,October,366.09,634.83,2024
156,Pumpkin,October,233.93,817.06,2024
157,Rapeseed,July,348.12,1146.98,2024
158,Barley,July,533.48,873.97,2024
159,Apples,October,573.75,676.63,2024
160,Tomato (Greenhouse),December,135.07,1122.98,2024
161,Barley,July,127.36,1118.21,2024
162,Cucumber (Greenhouse),March,258.9,1493.88,2024
163,Oats,July,1193.43,836.14,2024
164,Sugar Beet,September,234.63,1095.49,2024
165,Sugar Beet,October,889.4,1457.07,2024
166,Carrots,September,1107.48,1410.04,2024
167,Tomato (Greenhouse),March,381.65,1045.28,2024
168,Corn,August,1131.48,1182.59,2024
169,Tomato (Greenhouse),February,840.13,928.45,2022
170,Barley,July,288.6,1235.79,2022
171,Barley,June,1024.74,1364.55,2022
172,Barley,July,139.42,1268.0,2022
173,Cucumber (Greenhouse),February,575.37,977.33,2022
174,Wheat,July,679.11,1321.1,2022
175,Cucumber (Greenhouse),March,117.99,1029.77,2022
176,Sugar Beet,September,546.0,780.54,2022
177,Oats,August,1122.15,1250.31,2022
178,Pumpkin,October,340.17,1191.56,2022
179,Wheat,July,214.24,1136.81,2022
180,Sugar Beet,September,1065.95,1139.19,2022
181,Pumpkin,October,885.96,625.05,2022
182,Corn,September,491.1,1397.56,2022
183,Apples,October,509.37,821.59,2023
184,Pumpkin,October,1057.24,1215.58,2023
185,Cucumber (Greenhouse),November,149.7,1009.2,2023
186,Cucumber (Greenhouse),February,666.62,655.07,2023
187,Rapeseed,July,818.43,836.3,2023
188,Rye,July,639.02,1145.19,2023
189,Wheat,August,672.79,1361.63,2023
190,Tomato (Greenhouse),March,264.93,1458.72,2023
191,Rye,August,364.86,857.65,2023
192,Rye,August,959.46,792.34,2023
193,Pumpkin,October,945.31,861.45,2023
194,Rapeseed,June,1041.28,1161.04,2023
195,Rye,August,900.88,1057.21,2023
196,Wheat,August,252.94,1425.89,2023
197,Carrots,August,151.27,1217.29,2024
198,Oats,August,1154.83,1111.4,2024
199,Corn,October,988.62,1099.91,2024
200,Sugar Beet,September,819.17,1186.4,2024
201,Rye,July,697.49,1417.42,2024
202,Rye,July,590.42,936.76,2024
203,Apples,October,476.36,1134.2,2024
204,Potato,August,655.86,759.61,2024
205,Cucumber (Greenhouse),March,139.63,1366.03,2024
206,Oats,July,132.0,888.95,2024
207,Corn,August,714.92,1456.43,2024
208,Apples,September,189.88,997.48,2024
209,Strawberries,May,348.85,650.49,2024
210,Barley,July,1124.81,1475.51,2024
211,Rye,August,122.77,1261.06,2022
212,Rapeseed,July,584.08,1248.89,2022
213,Rye,August,912.85,825.93,2022
214,Sugar Beet,October,574.41,1467.15,2022
215,Corn,August,535.07,1070.81,2022
216,Pumpkin,October,161.33,1253.95,2022
217,Cucumber (Greenhouse),December,861.44,1396.22,2022
218,Barley,July,898.45,706.77,2022
219,Cucumber (Greenhouse),March,464.57,840.34,2022
220,Tomato (Greenhouse),January,620.28,632.05,2022
221,Strawberries,June,211.9,1091.69,2022
222,Apples,September,425.81,1294.48,2022
223,Potato,August,1094.57,1340.81,2022
224,Apples,October,260.01,823.66,2022
225,Strawberries,May,824.78,1472.59,2023
226,Sugar Beet,October,218.11,1294.95,2023
227,Potato,August,507.77,957.46,2023
228,Rapeseed,July,845.07,1084.02,2023
229,Pumpkin,October,369.22,872.75,2023
230,Wheat,August,413.58,1224.45,2023
231,Potato,August,816.58,791.8,2023
232,Potato,September,292.3,765.24,2023
233,Carrots,August,397.87,1418.05,2023
234,Sugar Beet,October,952.47,1137.25,2023
235,Barley,July,764.03,752.34,2023
236,Apples,September,732.52,1462.36,2023
237,Cucumber (Greenhouse),February,119.24,709.57,2023
238,Barley,July,567.03,868.37,2023
239,Barley,June,276.44,729.12,2024
240,Apples,September,1196.2,1118.7,2024
241,Oats,July,1009.66,1480.42,2024
242,Barley,June,608.39,1410.91,2024
243,Sugar Beet,October,611.52,995.74,2024
244,Wheat,July,409.85,1193.37,2024
245,Rapeseed,June,426.02,712.75,2024
246,Cucumber (Greenhouse),November,740.23,1335.27,2024
247,Sugar Beet,October,262.92,1463.07,2024
248,Wheat,July,397.84,1118.15,2024
249,Potato,August,295.59,1050.65,2024
250,Rapeseed,July,784.29,794.73,2024
251,Rye,July,569.84,821.25,2024
252,Apples,October,746.73,1436.45,2024
253,Pumpkin,October,1168.87,1491.22,2022
254,Rapeseed,June,563.01,860.88,2022
255,Barley,July,574.28,1309.5,2022
256,Barley,June,232.77,707.86,2022
257,Corn,September,935.82,785.28,2022
258,Cucumber (Greenhouse),February,831.97,1165.16,2022
259,Oats,July,194.28,863.04,2022
260,Strawberries,June,738.62,1116.46,2022
261,Tomato (Greenhouse),December,203.17,1329.42,2022
262,Pumpkin,October,1056.15,1293.97,2022
263,Cucumber (Greenhouse),January,843.93,1057.18,2022
264,Cucumber (Greenhouse),November,324.1,1033.94,2022
265,Oats,August,771.33,1075.59,2022
266,Wheat,July,295.74,615.95,2022
267,Carrots,September,709.1,1215.82,2023
268,Pumpkin,October,1125.28,1149.21,2023
269,Rye,July,435.66,865.8,2023
270,Pumpkin,October,420.23,1214.53,2023
271,Rye,July,164.32,1320.11,2023
272,Rapeseed,July,594.36,963.9,2023
273,Rapeseed,June,524.38,965.37,2023
274,Oats,August,1126.68,1064.8,2023
275,Cucumber (Greenhouse),March,178.92,1324.23,2023
276,Wheat,July,570.0,1341.54,2023
277,Oats,August,788.91,1474.87,2023
278,Apples,September,993.76,907.36,2023
279,Potato,September,110.53,1067.86,2023
280,Rye,August,804.2,748.16,2023
281,Oats,August,1068.07,984.85,2024
282,Rapeseed,July,813.76,989.64,2024
283,Rye,July,1085.05,917.91,2024
284,Cucumber (Greenhouse),December,870.98,1448.39,2024
285,Corn,September,478.56,1416.97,2024
286,Strawberries,May,296.78,1305.0,2024
287,Tomato (Greenhouse),March,299.71,926.16,2024
288,Carrots,August,1036.4,632.39,2024
289,Barley,July,652.2,1386.91,2024
290,Rapeseed,June,106.23,1424.54,2024
291,Pumpkin,October,986.25,1344.45,2024
292,Carrots,September,1020.62,787.69,2024
293,Rapeseed,July,470.86,1012.25,2024
294,Wheat,August,333.39,1459.11,2024
295,Barley,June,781.61,783.06,2022
296,Corn,October,152.01,775.4,2022
297,Sugar Beet,September,1070.87,971.29,2022
298,Apples,October,191.58,980.03,2022
299,Oats,July,409.2,612.74,2022
300,Sugar Beet,October,899.09,1024.1,2022
301,Cucumber (Greenhouse),December,784.32,1305.52,2022
302,Strawberries,May,367.59,1221.11,2022
303,Tomato (Greenhouse),March,241.98,1431.15,2022
304,Rye,August,982.86,744.8,2022
305,Strawberries,May,151.25,1066.39,2022
306,Cucumber (Greenhouse),November,736.31,744.4,2022
307,Tomato (Greenhouse),December,1038.24,954.19,2022
308,Rapeseed,June,893.84,1404.61,2022
309,Tomato (Greenhouse),March,644.61,726.7,2023
310,Apples,September,1091.11,668.45,2023
311,Rye,August,1120.82,666.84,2023
312,Strawberries,May,293.77,1305.89,2023
313,Tomato (Greenhouse),January,131.04,1499.46,2023
314,Apples,September,262.76,888.56,2023
315,Cucumber (Greenhouse),March,940.07,1222.09,2023
316,Potato,September,1024.75,1394.34,2023
317,Sugar Beet,September,691.33,1467.5,2023
318,Carrots,September,1050.08,663.75,2023
319,Barley,July,842.05,774.35,2023
320,Sugar Beet,September,986.84,1444.63,2023
321,Carrots,August,323.71,728.87,2023
322,Apples,October,1084.11,1441.33,2023
323,Potato,August,195.58,784.05,2024
324,Wheat,August,945.17,1260.16,2024
325,Apples,September,434.5,869.69,2024
326,Apples,October,825.9,848.92,2024
327,Rapeseed,June,606.94,1174.76,2024
328,Sugar Beet,September,258.26,617.95,2024
329,Potato,August,140.2,1002.83,2024
330,Carrots,August,368.72,1493.96,2024
331,Rye,August,547.64,614.69,2024
332,Carrots,August,654.85,1421.41,2024
333,Carrots,September,428.61,711.71,2024
334,Cucumber (Greenhouse),February,333.72,1155.53,2024
335,Apples,October,281.57,1371.27,2024
336,Rye,July,1161.48,765.41,2024
337,Corn,August,156.26,1052.04,2022
338,Pumpkin,October,151.19,1333.13,2022
339,Strawberries,May,737.02,782.67,2022
340,Corn,August,277.09,680.88,2022
341,Potato,August,529.28,776.67,2022
342,Pumpkin,October,1198.82,693.52,2022
343,Pumpkin,October,296.22,766.6,2022
344,Rapeseed,June,333.56,619.5,2022
345,Wheat,July,122.84,778.57,2022
346,Corn,September,650.32,1211.39,2022
347,Potato,September,417.3,981.87,2022
348,Potato,September,927.1,815.47,2022
349,Strawberries,June,983.08,1148.43,2022
350,Tomato (Greenhouse),November,256.58,1057.68,2022
351,Pumpkin,October,373.13,654.24,2023
352,Strawberries,June,332.18,1074.37,2023
353,Oats,August,698.5,1130.43,2023
354,Pumpkin,October,323.33,1499.92,2023
355,Carrots,September,183.5,884.51,2023
356,Cucumber (Greenhouse),December,1019.25,1386.92,2023
357,Cucumber (Greenhouse),February,620.94,608.06,2023
358,Rapeseed,July,123.41,1425.58,2023
359,Corn,September,800.55,1159.29,2023
360,Pumpkin,October,491.78,669.9,2023
361,Cucumber (Greenhouse),January,673.09,839.99,2023
362,Sugar Beet,October,1095.63,997.55,2023
363,Sugar Beet,October,684.62,1307.21,2023
364,Oats,August,942.78,830.57,2023
365,Strawberries,June,684.67,1013.87,2024
366,Apples,October,930.19,1390.59,2024
367,Tomato (Greenhouse),December,829.73,1108.65,2024
368,Oats,July,114.01,1229.85,2024
369,Rapeseed,June,877.01,1185.82,2024
370,Rapeseed,July,149.35,1476.35,2024
371,Carrots,September,1021.75,982.23,2024
372,Carrots,August,943.03,1461.54,2024
373,Strawberries,May,541.41,723.43,2024
374,Cucumber (Greenhouse),March,748.9,1073.13,2024
375,Sugar Beet,September,320.48,703.94,2024
376,Tomato (Greenhouse),December,176.39,1201.5,2024
377,Pumpkin,October,412.17,879.39,2024
378,Oats,August,161.75,823.01,2024
379,Rye,August,973.23,1488.9,2022
380,Apples,October,1145.19,724.32,2022
381,Rapeseed,July,482.37,818.58,2022
382,Sugar Beet,September,952.18,944.69,2022
383,Sugar Beet,September,861.59,774.28,2022
384,Rye,July,495.14,1435.65,2022
385,Rye,August,600.68,855.12,2022
386,Potato,September,952.2,601.08,2022
387,Apples,October,521.31,895.89,2022
388,Wheat,August,349.95,756.3,2022
389,Pumpkin,October,794.88,799.5,2022
390,Wheat,August,1160.29,1079.5,2022
391,Wheat,August,1065.9,812.22,2022
392,Rye,August,1120.06,662.03,2022
393,Tomato (Greenhouse),February,879.32,729.9,2023
394,Carrots,September,567.98,772.51,2023
395,Tomato (Greenhouse),February,153.41,800.21,2023
396,Oats,July,637.13,1367.26,2023
397,Pumpkin,October,570.35,758.91,2023
398,Potato,August,994.16,859.39,2023
399,Potato,September,351.85,1100.92,2023
400,Rapeseed,July,688.26,743.63,2023
401,Potato,August,780.55,742.93,2023
402,Sugar Beet,October,1102.35,807.69,2023
403,Sugar Beet,September,882.33,824.61,2023
404,Rapeseed,July,712.39,1224.49,2023
405,Sugar Beet,October,486.54,762.51,2023
406,Sugar Beet,October,492.86,1461.97,2023
407,Carrots,August,655.76,1112.01,2024
408,Oats,August,654.81,1434.36,2024
409,Cucumber (Greenhouse),February,814.69,1485.2,2024
410,Tomato (Greenhouse),January,454.3,904.32,2024
411,Wheat,August,849.86,1117.69,2024
412,Cucumber (Greenhouse),December,351.43,665.57,2024
413,Carrots,August,201.76,927.47,2024
414,Wheat,July,410.02,977.1,2024
415,Barley,July,738.35,1067.25,2024
416,Strawberries,June,260.95,1128.88,2024
417,Rye,July,243.89,873.43,2024
418,Corn,August,603.61,784.94,2024
419,Tomato (Greenhouse),January,644.03,775.65,2024
420,Carrots,September,151.1,1036.21,2024
421,Carrots,August,207.73,1212.41,2022
422,Tomato (Greenhouse),December,699.27,646.83,2022
423,Rye,August,1047.89,657.46,2022
424,Cucumber (Greenhouse),March,1186.56,883.64,2022
425,Oats,August,259.87,732.27,2022
426,Rye,August,103.77,619.8,2022
427,Oats,August,934.76,1359.1,2022
428,Corn,September,828.92,668.25,2022
429,Barley,June,1167.29,654.78,2022
430,Wheat,July,819.99,807.41,2022
431,Rapeseed,July,136.18,650.72,2022
432,Oats,August,511.74,782.09,2022
433,Rapeseed,July,980.6,701.6,2022
434,Corn,September,830.95,1365.41,2022
435,Carrots,August,108.5,1451.21,2023
436,Rye,August,173.05,996.34,2023
437,Cucumber (Greenhouse),March,734.53,1316.5,2023
438,Potato,September,397.36,1452.57,2023
439,Potato,September,735.13,1349.79,2023
440,Strawberries,June,716.75,681.58,2023
441,Cucumber (Greenhouse),January,1159.65,1299.27,2023
442,Tomato (Greenhouse),November,760.59,1110.35,2023
443,Rapeseed,July,766.45,1221.97,2023
444,Potato,September,758.34,1021.18,2023
445,Tomato (Greenhouse),January,824.89,1428.76,2023
446,Sugar Beet,September,271.6,706.64,2023
447,Corn,October,808.14,1445.85,2023
448,Apples,September,215.54,736.22,2023
449,Wheat,August,1167.09,1020.38,2024
450,Apples,October,323.14,1246.6,2024
451,Carrots,September,951.44,1222.18,2024
452,Potato,September,389.11,855.07,2024
453,Rye,August,975.84,1204.8,2024
454,Rye,August,183.5,662.31,2024
455,Cucumber (Greenhouse),March,1094.87,1303.72,2024
456,Wheat,July,1083.05,1004.9,2024
457,Cucumber (Greenhouse),February,895.75,1079.27,2024
458,Oats,July,806.41,751.94,2024
459,Sugar Beet,October,347.25,663.74,2024
460,Apples,October,499.77,1218.83,2024
461,Sugar Beet,October,424.52,1125.23,2024
462,Sugar Beet,September,1137.98,719.93,2024
463,Oats,July,964.14,1115.9,2022
464,Wheat,August,1015.5,1478.13,2022
465,Carrots,September,731.7,1184.88,2022
466,Corn,October,522.58,1441.77,2022
467,Tomato (Greenhouse),March,1126.21,1284.86,2022
468,Strawberries,June,277.98,1208.49,2022
469,Barley,July,399.33,1292.69,2022
470,Barley,July,594.43,1412.93,2022
471,Wheat,July,512.32,1182.1,2022
472,Cucumber (Greenhouse),November,690.42,1143.53,2022
473,Cucumber (Greenhouse),November,938.95,1052.67,2022
474,Pumpkin,October,133.75,789.12,2022
475,Wheat,July,180.92,1322.43,2022
476,Rye,August,101.6,1483.66,2022
477,Apples,September,1018.69,1410.97,2023
478,Tomato (Greenhouse),February,336.33,1460.1,2023
479,Potato,August,898.08,1026.47,2023
480,Pumpkin,October,778.42,920.81,2023
481,Wheat,August,910.94,957.94,2023
482,Tomato (Greenhouse),March,996.02,844.42,2023
483,Cucumber (Greenhouse),January,222.15,1197.21,2023
484,Oats,July,718.5,915.58,2023
485,Barley,July,282.43,1200.14,2023
486,Apples,September,316.54,1024.01,2023
487,Oats,July,118.08,783.97,2023
488,Pumpkin,October,1007.35,1249.88,2023
489,Corn,October,716.26,965.91,2023
490,Tomato (Greenhouse),January,231.36,1486.04,2023
491,Pumpkin,October,1114.46,665.78,2024
492,Strawberries,June,777.07,1369.98,2024
493,Potato,September,235.31,1462.57,2024
494,Cucumber (Greenhouse),March,248.31,1072.92,2024
495,Rapeseed,July,804.85,1092.41,2024
496,Rapeseed,July,347.15,1023.35,2024
497,Cucumber (Greenhouse),February,344.62,1291.39,2024
498,Carrots,September,476.08,1308.35,2024
499,Sugar Beet,October,337.15,1343.39,2024
500,Cucumber (Greenhouse),March,752.04,1151.1,2024
501,Rye,July,1009.7,1219.03,2024
502,Sugar Beet,September,1143.86,1048.87,2024
503,Rye,August,193.8,715.09,2024
504,Tomato (Greenhouse),March,943.34,1417.56,2024
505,Rye,July,125.82,1188.4,2022
506,Cucumber (Greenhouse),November,100.67,713.22,2022
507,Cucumber (Greenhouse),March,1122.57,815.38,2022
508,Wheat,August,652.42,808.98,2022
509,Oats,August,223.99,745.33,2022
510,Potato,August,211.46,956.49,2022
511,Apples,September,664.13,1303.21,2022
512,Corn,August,770.42,738.72,2022
513,Sugar Beet,September,802.5,841.89,2022
514,Carrots,September,225.56,1203.34,2022
515,Potato,September,496.45,987.03,2022
516,Potato,August,1143.6,1095.33,2022
517,Apples,September,978.87,982.51,2022
518,Oats,August,950.99,1481.97,2022
519,Carrots,September,1039.26,744.94,2023
520,Rye,August,792.42,659.86,2023
521,Tomato (Greenhouse),January,222.38,678.32,2023
522,Carrots,August,385.86,755.28,2023
523,Strawberries,May,305.6,1206.9,2023
524,Wheat,July,739.84,1244.67,2023
525,Rye,August,279.42,1073.93,2023
526,Corn,August,897.81,1048.26,2023
527,Oats,August,500.21,915.48,2023
528,Wheat,August,754.1,660.34,2023
529,Tomato (Greenhouse),February,120.95,1217.37,2023
530,Rye,August,369.95,1353.23,2023
531,Pumpkin,October,410.29,1136.47,2023
532,Potato,September,1184.87,760.77,2023
533,Carrots,September,809.97,744.23,2024
534,Sugar Beet,September,923.05,1261.26,2024
535,Strawberries,May,1123.71,1179.66,2024
536,Tomato (Greenhouse),December,1166.84,997.46,2024
537,Oats,August,740.79,1117.15,2024
538,Potato,August,288.77,1259.99,2024
539,Barley,June,955.34,1160.16,2024
540,Oats,August,245.73,1471.63,2024
541,Rye,August,178.12,741.71,2024
542,Potato,August,342.47,704.35,2024
543,Wheat,August,989.25,733.46,2024
544,Corn,October,1058.54,762.36,2024
545,Rapeseed,July,370.75,904.91,2024
546,Pumpkin,October,1145.09,1438.34,2024
547,Barley,June,224.31,1258.11,2022
548,Tomato (Greenhouse),January,936.78,788.81,2022
549,Rapeseed,June,740.78,620.42,2022
550,Carrots,August,1134.11,805.67,2022
551,Sugar Beet,September,339.77,1381.6,2022
552,Corn,August,714.37,1006.75,2022
553,Apples,October,537.48,1248.79,2022
554,Apples,October,990.39,931.08,2022
555,Apples,October,1124.82,1005.74,2022
556,Pumpkin,October,440.75,1317.7,2022
557,Carrots,August,389.89,1490.62,2022
558,Barley,July,490.54,1037.19,2022
559,Cucumber (Greenhouse),January,243.19,866.24,2022
560,Barley,June,1121.67,1196.59,2022
561,Corn,August,1174.77,612.53,2023
562,Barley,June,1155.22,1306.85,2023
563,Wheat,August,574.96,1367.76,2023
564,Carrots,August,896.58,699.88,2023
565,Cucumber (Greenhouse),December,1123.21,1040.59,2023
566,Corn,September,138.39,850.02,2023
567,Sugar Beet,September,421.69,1342.21,2023
568,Strawberries,June,282.96,1096.04,2023
569,Sugar Beet,October,1052.92,1000.3,2023
570,Strawberries,May,701.36,962.52,2023
571,Oats,July,557.22,978.85,2023
572,Oats,July,1170.78,952.74,2023
573,Wheat,August,367.56,1083.1,2023
574,Tomato (Greenhouse),November,433.31,969.27,2023
575,Wheat,July,268.32,1025.72,2024
576,Sugar Beet,September,867.82,1214.87,2024
577,Rapeseed,June,118.35,1399.17,2024
578,Carrots,September,483.53,1471.65,2024
579,Tomato (Greenhouse),December,555.44,871.25,2024
580,Apples,October,705.12,896.22,2024
581,Potato,September,599.74,837.99,2024
582,Sugar Beet,September,183.73,688.16,2024
583,Sugar Beet,October,869.02,997.64,2024
584,Wheat,August,1135.93,1199.85,2024
585,Barley,July,1090.68,1080.35,2024
586,Oats,August,227.5,1328.46,2024
587,Cucumber (Greenhouse),December,456.52,907.45,2024
588,Wheat,July,840.25,749.11,2024
589,Sugar Beet,September,774.52,701.66,2022
590,Apples,October,540.22,664.29,2022
591,Potato,August,301.55,1041.76,2022
592,Corn,October,914.8,715.29,2022
593,Pumpkin,October,576.85,1356.88,2022
594,Sugar Beet,September,351.11,1430.54,2022
595,Potato,August,567.37,668.07,2022
596,Wheat,July,1171.5,665.53,2022
597,Corn,September,1176.54,749.39,2022
598,Oats,August,852.4,1227.78,2022
599,Corn,August,287.57,781.21,2022
600,Barley,June,261.48,1257.4,2022
601,Potato,August,1155.77,806.44,2022
602,Sugar Beet,October,767.59,866.31,2022
603,Strawberries,May,1027.14,1315.64,2023
604,Rapeseed,June,614.19,988.64,2023
605,Apples,September,159.93,1356.35,2023
606,Sugar Beet,October,643.3,830.84,2023
607,Carrots,September,477.71,1204.73,2023
608,Cucumber (Greenhouse),November,274.77,1342.61,2023
609,Apples,September,643.42,1258.56,2023
610,Sugar Beet,September,872.36,832.44,2023
611,Corn,September,1186.52,1424.5,2023
612,Cucumber (Greenhouse),January,908.22,1337.72,2023
613,Pumpkin,October,378.51,1098.18,2023
614,Corn,September,166.06,1079.44,2023
615,Corn,August,969.08,930.38,2023
616,Sugar Beet,October,898.17,1381.26,2023
617,Cucumber (Greenhouse),February,938.3,764.68,2024
618,Carrots,September,683.23,1348.41,2024
619,Sugar Beet,October,1148.53,1145.3,2024
620,Apples,October,1021.08,846.43,2024
621,Sugar Beet,September,418.84,1118.76,2024
622,Apples,October,453.88,873.96,2024
623,Carrots,August,777.56,606.85,2024
624,Corn,September,817.42,625.75,2024
625,Pumpkin,October,1081.37,1213.02,2024
626,Strawberries,June,857.18,1083.59,2024
627,Oats,July,258.31,1177.16,2024
628,Barley,July,383.53,1436.76,2024
629,Potato,September,602.47,1364.08,2024
630,Strawberries,May,921.59,1230.83,2024
631,Strawberries,June,286.19,1383.22,2022
632,Rye,July,276.39,1209.45,2022
633,Apples,September,870.21,1048.4,2022
634,Oats,August,678.52,786.2,2022
635,Strawberries,May,1150.37,603.28,2022
636,Wheat,July,265.94,658.2,2022
637,Strawberries,May,593.56,1480.83,2022
638,Apples,September,1111.86,954.58,2022
639,Rye,July,1174.77,1067.69,2022
640,Cucumber (Greenhouse),March,348.72,1152.73,2022
641,Wheat,August,311.26,646.88,2022
642,Potato,September,1050.58,1249.67,2022
643,Pumpkin,October,319.19,949.33,2022
644,Tomato (Greenhouse),March,279.68,1353.26,2022
645,Barley,June,696.54,626.4,2023
646,Rye,July,947.52,866.39,2023
647,Strawberries,June,531.83,1301.43,2023
648,Sugar Beet,September,468.38,765.92,2023
649,Carrots,August,288.41,689.03,2023
650,Cucumber (Greenhouse),January,484.09,875.03,2023
651,Strawberries,May,676.05,1244.58,2023
652,Pumpkin,October,272.76,1181.9,2023
653,Potato,September,579.0,1227.24,2023
654,Cucumber (Greenhouse),March,815.37,1263.97,2023
655,Rye,August,653.39,1379.74,2023
656,Strawberries,May,395.89,882.07,2023
657,Barley,June,733.54,1051.53,2023
658,Oats,August,309.91,1135.83,2023
659,Carrots,September,781.28,1275.98,2024
660,Carrots,September,186.38,790.49,2024
661,Apples,October,807.31,743.25,2024
662,Sugar Beet,October,919.25,1100.29,2024
663,Carrots,September,525.15,1317.08,2024
664,Potato,September,550.1,640.83,2024
665,Wheat,August,781.73,1368.94,2024
666,Potato,September,498.89,931.05,2024
667,Carrots,September,908.48,1051.78,2024
668,Sugar Beet,September,566.91,1064.43,2024
669,Tomato (Greenhouse),March,128.33,636.09,2024
670,Wheat,July,192.57,1462.2,2024
671,Sugar Beet,September,753.67,1070.9,2024
672,Oats,August,1119.95,1054.49,2024
673,Sugar Beet,October,350.67,1440.95,2022
674,Potato,August,664.37,1212.24,2022
675,Strawberries,May,259.92,1282.75,2022
676,Oats,July,808.96,966.61,2022
677,Oats,August,213.35,1401.45,2022
678,Rapeseed,July,788.18,1012.84,2022
679,Rapeseed,June,768.87,1358.25,2022
680,Sugar Beet,October,883.26,923.7,2022
681,Corn,September,736.74,731.76,2022
682,Wheat,July,1169.47,678.76,2022
683,Sugar Beet,October,711.66,761.48,2022
684,Rapeseed,July,997.4,886.18,2022
685,Corn,October,347.04,1078.14,2022
686,Oats,July,550.38,1244.25,2022
687,Strawberries,May,1084.33,980.31,2023
688,Apples,September,691.73,966.25,2023
689,Sugar Beet,October,905.82,1138.38,2023
690,Cucumber (Greenhouse),December,852.08,1101.13,2023
691,Corn,October,686.56,1093.47,2023
692,Tomato (Greenhouse),January,372.9,1273.21,2023
693,Strawberries,May,1087.89,994.16,2023
694,Sugar Beet,October,244.47,1148.53,2023
695,Corn,August,929.77,777.6,2023
696,Pumpkin,October,1160.58,1118.87,2023
697,Rye,August,431.27,1319.99,2023
698,Strawberries,May,785.45,966.16,2023
699,Rapeseed,July,332.7,1110.44,2023
700,Rye,August,902.86,698.83,2023
701,Cucumber (Greenhouse),November,1157.87,729.72,2024
702,Wheat,August,399.47,613.08,2024
703,Carrots,August,248.58,678.6,2024
704,Strawberries,June,461.24,820.0,2024
705,Potato,August,1161.83,1088.9,2024
706,Pumpkin,October,523.61,1206.07,2024
707,Corn,September,886.45,696.25,2024
708,Corn,October,320.35,971.97,2024
709,Apples,September,869.52,1227.91,2024
710,Tomato (Greenhouse),November,353.59,762.09,2024
711,Potato,September,522.4,803.67,2024
712,Sugar Beet,September,193.59,1368.06,2024
713,Pumpkin,October,875.54,696.82,2024
714,Tomato (Greenhouse),December,906.91,729.0,2024
715,Rye,July,480.85,1038.5,2022
716,Strawberries,May,107.55,1244.18,2022
717,Sugar Beet,October,299.85,1494.05,2022
718,Cucumber (Greenhouse),February,392.92,719.91,2022
719,Apples,September,578.33,632.17,2022
720,Oats,July,771.66,809.14,2022
721,Pumpkin,October,114.19,1495.76,2022
722,Corn,August,338.23,1354.79,2022
723,Pumpkin,October,1072.11,1005.3,2022
724,Apples,September,957.17,625.11,2022
725,Sugar Beet,October,237.34,758.86,2022
726,Apples,October,906.53,922.35,2022
727,Oats,July,110.35,968.84,2022
728,Cucumber (Greenhouse),November,1016.78,650.76,2022
729,Tomato (Greenhouse),March,484.09,1003.14,2023
730,Barley,July,853.98,1430.02,2023
731,Barley,June,872.58,667.65,2023
732,Pumpkin,October,597.53,1029.69,2023
733,Tomato (Greenhouse),November,360.0,1294.41,2023
734,Barley,July,295.37,1492.78,2023
735,Potato,September,799.72,775.54,2023
736,Carrots,August,726.83,678.06,2023
737,Corn,August,361.65,1499.97,2023
738,Rye,July,1046.91,1210.96,2023
739,Pumpkin,October,402.61,1394.13,2023
740,Barley,July,269.86,855.63,2023
741,Sugar Beet,October,135.1,984.54,2023
742,Rye,July,948.77,1229.26,2023
743,Sugar Beet,September,848.94,650.13,2024
744,Corn,September,421.96,686.81,2024
745,Tomato (Greenhouse),January,1121.91,1127.02,2024
746,Rye,July,258.49,1470.41,2024
747,Tomato (Greenhouse),March,166.56,848.49,2024
748,Rapeseed,July,1075.6,1066.91,2024
749,Carrots,August,772.1,1320.97,2024
750,Apples,September,1145.33,1286.91,2024
751,Oats,August,239.56,1070.78,2024
752,Sugar Beet,September,1126.74,1420.32,2024
753,Strawberries,May,895.32,1460.58,2024
754,Sugar Beet,September,978.86,754.7,2024
755,Corn,October,163.09,1040.02,2024
756,Rapeseed,July,257.63,711.81,2024
757,Potato,September,922.84,722.79,2022
758,Apples,October,251.35,630.59,2022
759,Potato,August,695.76,849.93,2022
760,Wheat,July,731.21,912.41,2022
761,Apples,September,857.55,1236.3,2022
762,Wheat,July,718.04,1361.76,2022
763,Wheat,July,191.24,1163.48,2022
764,Rapeseed,July,713.0,829.03,2022
765,Barley,June,834.85,876.46,2022
766,Apples,September,579.88,799.06,2022
767,Rye,August,821.62,625.65,2022
768,Rye,July,318.48,1387.44,2022
769,Carrots,September,545.31,684.98,2022
770,Wheat,August,282.18,1066.8,2022
771,Sugar Beet,September,546.67,880.32,2023
772,Rapeseed,July,993.41,1294.51,2023
773,Rye,July,557.36,611.8,2023
774,Potato,September,759.14,1228.82,2023
775,Cucumber (Greenhouse),February,690.84,608.79,2023
776,Rye,July,825.1,1179.57,2023
777,Strawberries,May,115.79,748.86,2023
778,Rye,July,479.16,791.32,2023
779,Potato,September,662.8,832.14,2023
780,Cucumber (Greenhouse),January,742.05,797.07,2023
781,Oats,August,1109.76,1317.6,2023
782,Oats,July,662.75,1493.26,2023
783,Pumpkin,October,1187.56,839.64,2023
784,Wheat,July,595.03,1051.88,2023
785,Wheat,August,1170.77,996.74,2024
786,Strawberries,May,420.07,1416.52,2024
787,Wheat,July,462.33,1191.4,2024
788,Tomato (Greenhouse),March,730.76,1153.04,2024
789,Potato,August,1187.02,661.46,2024
790,Cucumber (Greenhouse),November,474.25,629.32,2024
791,Rye,July,498.22,1250.83,2024
792,Barley,June,1031.11,674.11,2024
793,Sugar Beet,September,1179.18,644.52,2024
794,Barley,June,746.86,731.44,2024
795,Strawberries,May,1194.51,1139.61,2024
796,Potato,September,575.58,1176.6,2024
797,Wheat,July,462.23,762.52,2024
798,Wheat,August,600.64,926.55,2024
799,Oats,August,560.93,1483.96,2022
800,Apples,October,824.28,1077.24,2022
801,Rye,July,252.87,1060.37,2022
802,Rapeseed,July,888.41,1189.93,2022
803,Oats,August,595.84,1153.82,2022
804,Rapeseed,June,189.23,1429.84,2022
805,Potato,August,222.99,647.57,2022
806,Corn,September,270.75,946.32,2022
807,Potato,September,244.71,1055.45,2022
808,Rye,July,214.97,1358.16,2022
809,Carrots,September,1107.12,1461.7,2022
810,Cucumber (Greenhouse),November,907.91,783.75,2022
811,Pumpkin,October,512.82,919.22,2022
812,Rye,July,1051.07,762.53,2022
813,Cucumber (Greenhouse),March,165.97,775.61,2023
814,Carrots,September,431.94,1189.24,2023
815,Oats,August,477.56,1078.25,2023
816,Rye,August,205.25,1433.23,2023
817,Wheat,August,1095.82,679.12,2023
818,Apples,September,107.53,1411.36,2023
819,Rapeseed,June,184.45,605.88,2023
820,Sugar Beet,September,908.19,931.66,2023
821,Strawberries,May,612.88,749.62,2023
822,Carrots,September,234.19,1006.87,2023
823,Pumpkin,October,373.36,1050.11,2023
824,Pumpkin,October,362.35,814.51,2023
825,Potato,August,546.16,781.84,2023
826,Tomato (Greenhouse),February,778.2,1297.6,2023
827,Wheat,July,658.75,1459.13,2024
828,Oats,August,218.17,1199.26,2024
829,Corn,September,1143.13,608.21,2024
830,Oats,August,860.48,1053.57,2024
831,Rye,July,855.98,1274.16,2024
832,Cucumber (Greenhouse),March,1121.79,668.96,2024
833,Carrots,September,368.22,771.95,2024
834,Carrots,September,682.75,1493.37,2024
835,Tomato (Greenhouse),November,485.0,1204.78,2024
836,Rye,August,956.65,1447.38,2024
837,Potato,August,472.02,1413.7,2024
838,Apples,September,869.9,799.26,2024
839,Pumpkin,October,631.47,615.43,2024
840,Strawberries,May,717.54,1467.12,2024
841,Carrots,September,647.82,1368.68,2022
842,Corn,August,383.12,1040.76,2022
843,Rapeseed,June,598.16,1069.16,2022
844,Strawberries,May,203.95,1190.99,2022
845,Rye,August,1097.32,1075.58,2022
846,Pumpkin,October,597.73,716.77,2022
847,Cucumber (Greenhouse),November,164.75,1202.69,2022
848,Potato,September,820.31,1366.53,2022
849,Apples,October,645.24,772.75,2022
850,Oats,August,491.63,1479.55,2022
851,Potato,August,268.83,641.45,2022
852,Potato,August,342.14,836.11,2022
853,Wheat,July,771.89,1322.47,2022
854,Barley,June,205.83,1223.19,2022
855,Wheat,August,508.5,968.15,2023
856,Rapeseed,July,154.12,1055.48,2023
857,Strawberries,May,769.86,1489.94,2023
858,Carrots,September,398.11,1014.09,2023
859,Potato,September,450.77,1197.33,2023
860,Barley,June,728.22,740.4,2023
861,Potato,September,101.37,1115.13,2023
862,Carrots,September,927.35,1175.31,2023
863,Oats,July,722.16,1435.77,2023
864,Cucumber (Greenhouse),December,311.06,1275.09,2023
865,Wheat,August,138.2,855.76,2023
866,Pumpkin,October,149.23,613.48,2023
867,Cucumber (Greenhouse),November,1192.03,1415.82,2023
868,Corn,October,562.69,1046.82,2023
869,Corn,August,224.42,1364.49,2024
870,Rye,August,585.05,615.17,2024
871,Potato,August,868.47,1336.53,2024
872,Tomato (Greenhouse),March,818.41,1210.98,2024
873,Rye,July,1171.85,1426.05,2024
874,Carrots,August,795.23,828.31,2024
875,Pumpkin,October,206.72,1355.69,2024
876,Apples,October,1041.84,1054.29,2024
877,Sugar Beet,October,386.63,1330.64,2024
878,Cucumber (Greenhouse),November,906.68,1099.28,2024
879,Sugar Beet,September,456.47,1226.56,2024
880,Carrots,August,807.59,1289.07,2024
881,Tomato (Greenhouse),November,1114.56,624.33,2024
882,Rapeseed,July,473.28,820.67,2024
883,Cucumber (Greenhouse),February,965.65,988.52,2022
884,Apples,October,160.08,1155.83,2022
885,Corn,October,313.94,866.8,2022
886,Oats,July,1162.02,1033.09,2022
887,Tomato (Greenhouse),March,187.84,1221.55,2022
888,Apples,September,711.87,857.37,2022
889,Apples,September,1103.76,1434.09,2022
890,Tomato (Greenhouse),November,466.59,1419.86,2022
891,Rapeseed,June,113.0,1195.08,2022
892,Wheat,August,475.27,1145.25,2022
893,Sugar Beet,October,957.9,1243.72,2022
894,Potato,September,373.86,1027.73,2022
895,Corn,September,1150.75,1025.0,2022
896,Tomato (Greenhouse),February,140.88,1097.72,2022
897,Apples,September,711.59,1455.81,2023
898,Oats,August,198.73,655.2,2023
899,Strawberries,June,564.51,961.72,2023
900,Wheat,August,202.67,1328.95,2023
901,Rye,July,601.42,886.52,2023
902,Rye,August,455.5,1020.37,2023
903,Tomato (Greenhouse),March,540.3,639.46,2023
904,Rapeseed,June,352.32,1270.27,2023
905,Corn,September,1113.45,1396.01,2023
906,Tomato (Greenhouse),February,351.92,1156.78,2023
907,Apples,September,729.89,650.65,2023
908,Corn,September,736.66,1346.45,2023
909,Strawberries,May,603.82,782.66,2023
910,Barley,June,245.49,1180.77,2023
911,Rapeseed,July,1077.11,1274.51,2024
912,Oats,July,238.31,1413.66,2024
913,Oats,August,962.3,1423.32,2024
914,Corn,August,662.68,873.07,2024
915,Pumpkin,October,935.94,1092.89,2024
916,Potato,September,287.32,1398.21,2024
917,Barley,June,312.53,718.45,2024
918,Barley,June,1118.88,916.96,2024
919,Corn,September,373.6,689.33,2024
920,Sugar Beet,September,195.29,890.06,2024
921,Oats,August,541.41,1428.24,2024
922,Rye,August,455.42,1116.24,2024
923,Tomato (Greenhouse),January,1107.93,837.43,2024
924,Tomato (Greenhouse),November,996.26,635.83,2024
925,Wheat,August,864.76,1422.37,2022
926,Oats,July,777.0,855.75,2022
927,Oats,July,1048.12,808.81,2022
928,Rye,July,665.04,1146.26,2022
929,Cucumber (Greenhouse),January,924.1,1497.27,2022
930,Wheat,July,981.59,1427.3,2022
931,Apples,October,597.14,1435.28,2022
932,Rapeseed,July,791.42,1411.21,2022
933,Pumpkin,October,879.7,848.45,2022
934,Carrots,September,1040.68,977.98,2022
935,Sugar Beet,October,614.31,954.08,2022
936,Wheat,August,977.17,617.35,2022
937,Rye,August,729.08,1243.65,2022
938,Rapeseed,June,119.47,1392.62,2022
939,Oats,July,1009.88,941.18,2023
940,Potato,August,854.42,1322.25,2023
941,Wheat,July,1186.9,1484.04,2023
942,Cucumber (Greenhouse),November,1090.86,1043.94,2023
943,Sugar Beet,October,353.76,947.59,2023
944,Oats,July,127.66,678.86,2023
945,Sugar Beet,September,158.89,1024.96,2023
946,Corn,October,653.72,972.96,2023
947,Potato,September,1101.36,1271.29,2023
948,Rye,July,686.46,1438.58,2023
949,Rapeseed,July,1010.06,1366.78,2023
950,Sugar Beet,October,575.01,892.16,2023
951,Cucumber (Greenhouse),December,929.24,605.6,2023
952,Cucumber (Greenhouse),November,113.79,930.88,2023
953,Rye,July,643.72,1209.23,2024
954,Carrots,August,1131.66,604.0,2024
955,Rapeseed,July,545.95,786.55,2024
956,Apples,September,126.16,922.63,2024
957,Sugar Beet,September,415.94,1009.69,2024
958,Sugar Beet,October,1157.25,953.97,2024
959,Barley,June,718.71,1010.91,2024
960,Apples,September,1074.44,1368.98,2024
961,Strawberries,June,936.84,1243.99,2024
962,Corn,October,631.93,1423.05,2024
963,Strawberries,June,901.69,1431.6,2024
964,Sugar Beet,September,758.29,1094.62,2024
965,Tomato (Greenhouse),March,809.62,970.25,2024
966,Cucumber (Greenhouse),November,735.75,1243.06,2024
967,Sugar Beet,September,455.93,1035.52,2022
968,Cucumber (Greenhouse),January,880.86,711.7,2022
969,Cucumber (Greenhouse),January,508.95,774.61,2022
970,Oats,August,869.68,1152.73,2022
971,Rye,August,635.73,731.8,2022
972,Sugar Beet,October,280.92,756.14,2022
973,Potato,September,573.62,1288.21,2022
974,Sugar Beet,September,1166.91,806.39,2022
975,Pumpkin,October,639.27,784.21,2022
976,Corn,October,776.68,1486.39,2022
977,Sugar Beet,September,289.4,1162.75,2022
978,Tomato (Greenhouse),February,762.54,610.11,2022
979,Sugar Beet,October,841.16,1426.52,2022
980,Pumpkin,October,630.01,1431.99,2022
981,Oats,July,1086.63,770.79,2023
982,Apples,September,610.17,752.93,2023
983,Rye,August,235.31,643.82,2023
984,Barley,July,160.92,1245.8,2023
985,Wheat,August,818.78,841.1,2023
986,Corn,October,474.89,821.57,2023
987,Sugar Beet,October,231.01,1482.49,2023
988,Corn,October,131.55,651.88,2023
989,Barley,July,1055.63,1438.02,2023
990,Potato,September,627.13,1090.13,2023
991,Rye,July,237.54,624.46,2023
992,Cucumber (Greenhouse),January,636.83,686.44,2023
993,Wheat,August,625.61,1082.28,2023
994,Sugar Beet,September,390.1,1023.83,2023
995,Strawberries,May,205.69,633.13,2024
996,Pumpkin,October,423.38,893.97,2024
997,Tomato (Greenhouse),January,953.39,1029.83,2024
998,Carrots,September,930.13,1362.44,2024
999,Carrots,September,1078.52,1346.23,2024
1000,Tomato (Greenhouse),January,828.03,889.85,2024
